borrower_id,ssn,first_name,last_name,email,address,city,state,phone
000001,850-47-3740,Mark,Morgan,mmorgan0@g.co,5677 Coolidge Street,Plano,TX,(469) 904-1438
000002,256-95-4382,Eric,Warren,ewarren1@ed.gov,9062 Schurz Drive,Dallas,TX,(214) 701-8127
000003,256-51-5268,Robert,Harper,rharper2@angelfire.com,7786 Sachs Place,Plano,TX,(214) 875-5911
000004,976-95-2914,Donna,Franklin,dfranklin3@alexa.com,3 Magdeline Terrace,Plano,TX,(214) 800-6127
000005,906-63-3588,Linda,King,lking4@illinois.edu,41260 Kedzie Terrace,Dallas,TX,(469) 213-2549
000006,206-26-7141,Judy,Holmes,jholmes5@github.io,6583 Manitowish Hill,Dallas,TX,(972) 898-5909
000007,898-61-3567,Deborah,Lawrence,dlawrence6@chicagotribune.com,2 Hermina Trail,Dallas,TX,(972) 900-2951
000008,644-25-0492,Adam,Johnston,ajohnston7@is.gd,05671 Norway Maple Court,Dallas,TX,(469) 743-0176
000009,678-12-4697,Pamela,Carr,pcarr8@stumbleupon.com,1848 Fordem Avenue,Richardson,TX,(972) 247-9852
000010,562-33-7951,Daniel,Fisher,dfisher9@liveinternet.ru,400 Cody Lane,Plano,TX,(214) 891-7743
000011,441-90-7753,Stephen,Fields,sfieldsa@sphinn.com,99 Fair Oaks Drive,Plano,TX,(214) 801-3069
000012,305-53-3736,Walter,Ferguson,wfergusonb@jalbum.net,814 Sutteridge Point,Dallas,TX,(469) 945-8172
000013,634-61-6311,Paul,Cook,pcookc@blogtalkradio.com,58295 Pierstorff Pass,Richardson,TX,(469) 932-0168
000014,661-24-6360,Roy,Smith,rsmithd@csmonitor.com,563 Fairview Park,Dallas,TX,(214) 911-4724
000015,350-83-8412,Michelle,Gardner,mgardnere@wordpress.org,28309 Paget Court,Plano,TX,(469) 974-2681
000016,439-75-5475,George,Powell,gpowellf@scribd.com,31 Clove Crossing,Dallas,TX,(972) 885-7291
000017,431-61-5822,Nicholas,Hudson,nhudsong@uol.com.br,29 Esker Trail,Dallas,TX,(469) 698-4000
000018,879-82-7179,Linda,Henderson,lhendersonh@mayoclinic.com,117 Katie Center,Dallas,TX,(469) 997-0832
000019,484-96-1826,Gregory,Fowler,gfowleri@foxnews.com,42454 Hermina Plaza,Dallas,TX,(214) 936-8301
000020,562-52-7080,Carol,Sanders,csandersj@usda.gov,99600 Moland Way,Dallas,TX,(214) 762-1061
000021,876-61-5170,Mark,Hamilton,mhamiltonk@deliciousdays.com,76425 Dixon Hill,Dallas,TX,(972) 802-7903
000022,139-71-1123,Anthony,Brown,abrownl@rakuten.co.jp,8691 Walton Terrace,Dallas,TX,(972) 947-3376
000023,239-16-6210,James,Rivera,jriveram@comsenz.com,4 Golden Leaf Trail,Dallas,TX,(214) 761-8129
000024,283-06-7717,Tammy,Cole,tcolen@toplist.cz,22 Atwood Parkway,Dallas,TX,(469) 292-1882
000025,371-60-9878,Donald,Bowman,dbowmano@goo.gl,196 Golf View Terrace,Dallas,TX,(214) 956-6083
000026,438-78-7652,Susan,Gomez,sgomezp@economist.com,601 Warbler Point,Richardson,TX,(972) 877-1341
000027,893-37-1519,Juan,Martin,jmartinq@craigslist.org,846 Johnson Circle,Dallas,TX,(214) 828-5694
000028,434-92-5388,Samuel,Bailey,sbaileyr@indiegogo.com,1367 Northport Drive,Dallas,TX,(972) 972-2250
000029,444-50-9807,Paul,White,pwhites@fc2.com,24775 Melvin Place,Dallas,TX,(469) 459-4087
000030,557-41-0386,Gregory,Clark,gclarkt@bloglines.com,259 Porter Avenue,Dallas,TX,(972) 979-5771
000031,123-99-1439,Steven,Wood,swoodu@shareasale.com,852 Darwin Alley,Dallas,TX,(214) 984-2801
000032,507-26-2481,Jessica,Fuller,jfullerv@bloglovin.com,975 Carpenter Parkway,Dallas,TX,(972) 956-5055
000033,258-33-5117,Donna,Greene,dgreenew@fema.gov,86 Delladonna Lane,Dallas,TX,(469) 969-6535
000034,876-94-4518,Edward,Ford,efordx@dropbox.com,34 Fulton Circle,Dallas,TX,(214) 869-1555
000035,153-20-8011,Steve,Torres,storresy@theguardian.com,781 Loeprich Alley,Dallas,TX,(469) 964-7789
000036,881-79-3670,Alice,Rivera,ariveraz@nasa.gov,79 Dayton Center,Dallas,TX,(214) 841-3416
000037,878-61-5560,Jessica,Freeman,jfreeman10@devhub.com,27997 Loftsgordon Lane,Dallas,TX,(214) 835-4205
000038,728-84-4113,Kenneth,Harrison,kharrison11@sitemeter.com,25074 Holmberg Park,Richardson,TX,(972) 774-1504
000039,792-17-4540,Betty,Austin,baustin12@nature.com,4 Schmedeman Terrace,Dallas,TX,(972) 927-7561
000040,433-05-3698,Irene,Gonzalez,igonzalez13@boston.com,820 Oxford Crossing,Dallas,TX,(214) 865-5203
000041,132-21-3747,Charles,Foster,cfoster14@mtv.com,850 Summerview Crossing,Dallas,TX,(469) 910-6688
000042,457-93-9804,Gregory,Perez,gperez15@myspace.com,57 Bluejay Pass,Dallas,TX,(972) 433-8549
000043,906-16-1095,Jose,Stone,jstone16@nhs.uk,93 Waywood Parkway,Dallas,TX,(972) 991-8017
000044,882-36-6316,Patrick,Moore,pmoore17@baidu.com,78 Crest Line Road,Dallas,TX,(214) 950-2446
000045,728-96-3473,Louis,Lynch,llynch18@zimbio.com,12197 Kinsman Center,Dallas,TX,(469) 820-4208
000046,377-44-1238,Matthew,Snyder,msnyder19@google.com.au,169 Mayfield Park,Richardson,TX,(469) 855-5018
000047,582-62-7069,Sara,Wagner,swagner1a@addtoany.com,24827 Twin Pines Junction,Richardson,TX,(469) 914-5869
000048,577-82-2947,Louise,Long,llong1b@gov.uk,6 Haas Center,Dallas,TX,(214) 939-0517
000049,216-53-6968,Judy,Hamilton,jhamilton1c@domainmarket.com,65364 Mosinee Center,Dallas,TX,(972) 847-2849
000050,202-40-3427,Evelyn,Young,eyoung1d@java.com,4788 South Street,Dallas,TX,(214) 864-9776
000051,897-56-8517,James,Moore,jmoore1e@wix.com,9089 Lunder Parkway,Dallas,TX,(469) 830-4056
000052,923-84-7867,Clarence,Romero,cromero1f@tumblr.com,68501 Michigan Street,Plano,TX,(972) 982-1803
000053,539-63-0143,Jennifer,Smith,jsmith1g@opensource.org,3 Cordelia Terrace,Dallas,TX,(469) 963-5598
000054,636-25-1591,Jack,Baker,jbaker1h@sina.com.cn,01441 Eastlawn Place,Dallas,TX,(972) 909-1277
000055,622-93-5915,Amy,Nguyen,anguyen1i@usa.gov,79 Rigney Circle,Dallas,TX,(214) 905-2261
000056,823-00-8890,Maria,Stevens,mstevens1j@tiny.cc,5348 David Point,Plano,TX,(972) 992-5831
000057,534-07-7079,Teresa,Carpenter,tcarpenter1k@angelfire.com,6280 Spenser Lane,Dallas,TX,(972) 908-2593
000058,203-68-8563,Roy,Arnold,rarnold1l@samsung.com,7548 Dunning Junction,Richardson,TX,(214) 990-9053
000059,457-75-1314,Randy,Stewart,rstewart1m@telegraph.co.uk,5004 Emmet Park,Dallas,TX,(469) 422-2991
000060,524-73-0400,Brenda,Fernandez,bfernandez1n@upenn.edu,335 Forster Alley,Dallas,TX,(214) 920-6944
000061,344-66-8375,Janet,Thompson,jthompson1o@cbslocal.com,1 Chinook Place,Plano,TX,(972) 986-8081
000062,716-55-3314,Billy,Ortiz,bortiz1p@privacy.gov.au,4 Hintze Court,Dallas,TX,(469) 808-1346
000063,869-29-5873,Edward,Hawkins,ehawkins1q@wix.com,96231 Northland Plaza,Dallas,TX,(972) 798-3752
000064,218-81-6261,Mark,Morgan,mmorgan1r@ed.gov,5 Miller Lane,Dallas,TX,(469) 784-6546
000065,913-50-1956,Carolyn,Morgan,cmorgan1s@dedecms.com,975 Golf View Place,Dallas,TX,(469) 674-8726
000066,749-40-8693,Tina,Weaver,tweaver1t@zdnet.com,5414 Green Ridge Street,Dallas,TX,(469) 840-0879
000067,992-92-6136,Eric,Taylor,etaylor1u@mozilla.org,6 Fisk Pass,Dallas,TX,(214) 714-7652
000068,378-07-1662,Ruth,Henry,rhenry1v@behance.net,84 Hermina Street,Dallas,TX,(972) 934-2054
000069,388-44-9990,Phillip,Perkins,pperkins1w@ezinearticles.com,84771 Bartelt Trail,Dallas,TX,(214) 917-4226
000070,288-23-0361,Annie,Welch,awelch1x@ftc.gov,80 Stuart Road,Dallas,TX,(972) 516-1320
000071,509-44-1761,Lois,Hunter,lhunter1y@vimeo.com,49 Blaine Lane,Plano,TX,(972) 809-1141
000072,704-79-5907,Lisa,Cook,lcook1z@netscape.com,4412 Lakewood Gardens Plaza,Richardson,TX,(972) 653-9871
000073,948-30-8402,Kathleen,Harvey,kharvey20@foxnews.com,13 Grayhawk Hill,Dallas,TX,(469) 547-7753
000074,651-57-6305,Diane,Stevens,dstevens21@home.pl,0091 American Circle,Dallas,TX,(469) 942-1364
000075,908-63-2676,Samuel,Young,syoung22@pcworld.com,0157 Holmberg Street,Richardson,TX,(469) 918-5729
000076,727-25-3782,Mark,Riley,mriley23@theglobeandmail.com,4900 Thompson Court,Dallas,TX,(972) 767-2036
000077,775-32-5935,Bonnie,Ross,bross24@discovery.com,0 Walton Court,Richardson,TX,(972) 766-6908
000078,402-35-0549,Elizabeth,Arnold,earnold25@bloglovin.com,952 Sage Pass,Dallas,TX,(214) 967-2424
000079,270-86-6950,John,Walker,jwalker26@fastcompany.com,2 Packers Crossing,Dallas,TX,(469) 796-5094
000080,982-11-9636,William,Simmons,wsimmons27@webeden.co.uk,1232 Hayes Crossing,Dallas,TX,(972) 903-7706
000081,757-38-5276,Lisa,Kelley,lkelley28@storify.com,3718 Twin Pines Way,Dallas,TX,(972) 900-0487
000082,980-24-2372,Carl,Larson,clarson29@sohu.com,096 Goodland Parkway,Dallas,TX,(469) 550-2228
000083,444-73-4007,Brandon,Anderson,banderson2a@cargocollective.com,8 Leroy Circle,Dallas,TX,(469) 993-9270
000084,278-33-4174,Gloria,Myers,gmyers2b@wufoo.com,03 Elmside Center,Plano,TX,(469) 853-3967
000085,772-25-9640,Daniel,Freeman,dfreeman2c@dell.com,9584 Elka Place,Dallas,TX,(972) 769-9270
000086,232-98-4647,Judith,Mitchell,jmitchell2d@vimeo.com,2506 Merchant Terrace,Dallas,TX,(972) 902-9669
000087,937-38-5159,Alan,King,aking2e@meetup.com,958 Burrows Street,Dallas,TX,(214) 583-5636
000088,327-80-3166,Steve,Phillips,sphillips2f@reverbnation.com,45557 Jana Court,Dallas,TX,(972) 937-9620
000089,405-92-7423,Brenda,Butler,bbutler2g@google.com.br,5 Calypso Avenue,Dallas,TX,(972) 892-6177
000090,133-37-8900,Patricia,Spencer,pspencer2h@psu.edu,65143 Union Lane,Dallas,TX,(214) 909-9264
000091,227-64-6193,Larry,Olson,lolson2i@cargocollective.com,50299 Lien Parkway,Dallas,TX,(972) 965-7073
000092,272-41-6460,Victor,Sullivan,vsullivan2j@yahoo.com,272 Milwaukee Point,Plano,TX,(972) 759-4852
000093,318-95-0284,Kathryn,Taylor,ktaylor2k@weather.com,2952 Thackeray Point,Dallas,TX,(214) 862-0958
000094,729-22-8562,Rachel,Little,rlittle2l@histats.com,755 Kropf Pass,Dallas,TX,(972) 797-7226
000095,783-54-9793,Donald,Richardson,drichardson2m@sun.com,951 Chive Avenue,Dallas,TX,(972) 934-6450
000096,131-52-5777,Stephen,Chapman,schapman2n@techcrunch.com,0 Lunder Alley,Dallas,TX,(214) 987-1376
000097,335-18-5473,Harold,Richardson,hrichardson2o@t-online.de,76743 Burrows Court,Dallas,TX,(469) 899-1924
000098,933-15-2171,Ernest,Palmer,epalmer2p@360.cn,6 Upham Drive,Dallas,TX,(972) 942-2638
000099,595-38-3883,Pamela,Matthews,pmatthews2q@ustream.tv,2 Green Lane,Dallas,TX,(214) 944-0666
000100,808-44-7643,Jason,Campbell,jcampbell2r@mozilla.com,6 Raven Court,Dallas,TX,(972) 811-4885